fireID,orig,start_edit,end_edit,modis,fih_fire_t,date_adj
0156_f,2014-01-12,2014-01-12,2014-01-12,train_test,WF,modis_1k
0177_f,2014-03-12,2014-03-11,2014-03-12,train_test,WF,modis_1k
0323_f,2014-10-13,2014-10-10,2014-10-13,train_test,PB,modis_1k
0335_f,2014-10-24,2014-10-24,2014-10-27,train_test,PB,modis_1k
0368_f,2014-10-14,2014-10-10,2014-10-14,train_test,PB,modis_1k
0956_f,2016-04-16,2016-04-23,2016-04-23,train_test,PB,modis_1k
2154_f,2016-10-25,2016-10-25,2016-11-01,train_test,PB,modis_1k
2162_f,2016-11-07,2016-11-07,2016-11-07,train_test,PB,modis_1k
2367_f,2017-02-08,2017-02-08,2017-02-08,train_test,WF,modis_1k
2429_f,2017-04-06,2017-04-06,2017-04-09,train_test,PB,modis_1k
2573_f,2017-10-30,2017-10-30,2017-11-04,train_test,PB,modis_1k
3032_f,2020-09-16,2020-09-14,2020-09-16,train_test,PB,modis_1k
3767_f,2020-05-15,2020-05-14,2020-05-15,train_test,PB,modis_1k
3988_f,2018-10-09,2018-10-08,2018-10-09,train_test,PB,modis_1k
4747_f,2019-08-28,2019-08-28,2019-08-28,train_test,PB,modis_1k
4768_f,2019-09-29,2019-09-27,2019-10-02,train_test,PB,modis_1k
4777_f,2019-09-30,2019-09-28,2019-09-30,train_test,PB,modis_1k
5023_f,2010-04-23,2010-04-21,2010-04-29,train_test,PB,modis_1k
5464_f,2010-01-03,2010-01-03,2010-01-03,train_test,WF,modis_1k
5641_f,2011-06-09,2011-05-09,2011-06-09,train_test,PB,modis_1k
5786_f,2010-11-03,2010-11-03,2010-11-03,train_test,WF,modis_1k
5805_f,2011-02-06,2011-02-06,2011-02-06,train_test,WF,modis_1k
6150_f,2020-04-08,2020-04-08,2020-04-08,train_test,WF,modis_1k
6156_f,2020-09-15,2020-09-15,2020-09-18,train_test,PB,modis_1k
6159_f,2020-10-06,2020-10-06,2020-10-11,train_test,PB,modis_1k
4150_f,2005-03-02,2005-03-02,2005-03-03,1k,WF,modis_1k
4192_f,2005-01-15,2005-01-15,2005-01-19,1k,WF,modis_1k
4202_f,2005-02-15,2005-02-15,2005-02-16,1k,WF,modis_1k
4122_f,2005-04-20,2005-04-19,2005-04-20,1k,PB,modis_1k
4123_f,2005-04-27,2005-04-26,2005-04-28,1k,PB,modis_1k
4132_f,2005-04-06,2005-04-05,2005-04-06,1k,PB,modis_1k
4377_f,2005-10-20,2005-10-15,2005-10-20,1k,PB,modis_1k
4385_f,2005-10-19,2005-10-19,2005-10-19,1k,PB,modis_1k
4387_f,2005-11-29,2005-11-29,2005-11-29,1k,PB,modis_1k
4388_f,2005-10-19,2005-10-19,2005-10-19,1k,PB,modis_1k
4389_f,2005-10-20,2005-10-15,2005-10-20,1k,PB,modis_1k
4394_f,2005-10-29,2005-10-29,2005-10-29,1k,PB,modis_1k
4397_f,2005-11-11,2005-11-11,2005-11-11,1k,PB,modis_1k
4398_f,2005-10-16,2005-10-12,2005-10-16,1k,PB,modis_1k
4404_f,2005-12-02,2005-12-02,2005-12-02,1k,PB,modis_1k
4405_f,2005-11-24,2005-11-16,2005-11-24,1k,PB,modis_1k
4407_f,2005-10-20,2005-10-19,2005-10-20,1k,PB,modis_1k
4408_f,2005-11-12,2005-11-10,2005-11-18,1k,PB,modis_1k
4544_f,2006-10-28,2006-10-28,2006-10-29,1k,WF,modis_1k
4260_f,2006-05-09,2006-05-09,2006-05-12,1k,PB,modis_1k
4262_f,2006-05-11,2006-05-10,2006-05-12,1k,PB,modis_1k
4263_f,2006-06-09,2006-06-09,2006-06-09,1k,PB,modis_1k
4267_f,2006-05-12,2006-05-11,2006-05-12,1k,PB,modis_1k
4269_f,2006-05-19,2006-05-19,2006-05-21,1k,PB,modis_1k
4271_f,2006-06-25,2006-06-24,2006-06-25,1k,PB,modis_1k
4272_f,2006-05-02,2006-05-01,2006-05-02,1k,PB,modis_1k
4374_f,2006-05-19,2006-05-19,2006-05-20,1k,PB,modis_1k
4375_f,2006-05-08,2006-05-03,2006-05-11,1k,PB,modis_1k
4522_f,2006-10-19,2006-10-19,2006-10-19,1k,PB,modis_1k
4510_f,2006-10-06,2006-10-05,2006-10-07,1k,PB,modis_1k
4511_f,2006-10-17,2006-10-17,2006-10-17,1k,PB,modis_1k
4514_f,2006-11-01,2006-11-01,2006-11-01,1k,PB,modis_1k
4476_f,2007-01-29,2007-01-29,2007-01-29,1k,WF,modis_1k
4488_f,2007-01-28,2007-01-28,2007-01-30,1k,WF,modis_1k
4491_f,2007-03-08,2007-03-08,2007-03-09,1k,WF,modis_1k
4494_f,2007-01-29,2007-01-29,2007-01-29,1k,WF,modis_1k
4500_f,2007-01-09,2007-01-09,2007-01-09,1k,WF,modis_1k
4501_f,2007-02-03,2007-01-27,2007-02-06,1k,WF,modis_1k
4504_f,2007-01-29,2007-01-29,2007-01-29,1k,WF,modis_1k
4966_f,2007-10-14,2007-10-14,2007-10-14,1k,PB,modis_1k
4970_f,2007-10-05,2007-10-04,2007-10-05,1k,PB,modis_1k
4977_f,2007-11-07,2007-11-06,2007-11-12,1k,PB,modis_1k
4982_f,2007-09-23,2007-09-23,2007-09-23,1k,PB,modis_1k
4985_f,2007-10-03,2007-10-03,2007-10-04,1k,PB,modis_1k
4986_f,2007-10-03,2007-10-02,2007-10-03,1k,PB,modis_1k
4993_f,2007-10-24,2007-10-23,2007-10-24,1k,PB,modis_1k
4994_f,2007-10-24,2007-10-23,2007-10-24,1k,PB,modis_1k
4995_f,2007-10-23,2007-10-23,2007-10-23,1k,PB,modis_1k
4998_f,2007-10-06,2007-10-06,2007-10-07,1k,PB,modis_1k
4465_f,2007-04-22,2007-04-21,2007-04-22,1k,PB,modis_1k
4462_f,2007-05-03,2007-05-03,2007-05-07,1k,PB,modis_1k
4468_f,2007-04-20,2007-04-20,2007-04-20,1k,PB,modis_1k
4453_f,2007-04-20,2007-04-20,2007-04-21,1k,PB,modis_1k
4459_f,2007-05-10,2007-05-10,2007-05-10,1k,PB,modis_1k
4555_f,2008-01-08,2008-01-08,2008-01-09,1k,WF,modis_1k
5322_f,2008-10-15,2008-10-15,2008-10-17,1k,WF,modis_1k
5325_f,2008-10-20,2008-10-15,2008-10-20,1k,WF,modis_1k
4551_f,2008-04-16,2008-04-14,2008-04-16,1k,PB,modis_1k
4560_f,2008-04-14,2008-04-14,2008-04-14,1k,PB,modis_1k
4562_f,2008-04-12,2008-04-12,2008-04-12,1k,PB,modis_1k
4564_f,2008-05-18,2008-05-18,2008-05-19,1k,PB,modis_1k
5233_f,2008-10-14,2008-10-10,2008-10-15,1k,PB,modis_1k
5235_f,2008-10-10,2008-10-10,2008-10-15,1k,PB,modis_1k
5237_f,2008-11-15,2008-11-14,2008-11-15,1k,PB,modis_1k
5241_f,2008-11-14,2008-11-13,2008-11-14,1k,PB,modis_1k
5242_f,2008-11-14,2008-11-14,2008-11-14,1k,PB,modis_1k
5248_f,2008-11-02,2008-11-02,2008-11-02,1k,PB,modis_1k
5254_f,2008-10-10,2008-10-10,2008-10-14,1k,PB,modis_1k
5255_f,2008-10-11,2008-10-08,2008-10-17,1k,PB,modis_1k
5256_f,2008-08-15,2008-08-15,2008-08-15,1k,PB,modis_1k
5198_f,2009-01-06,2009-01-06,2009-01-06,1k,WF,modis_1k
5199_f,2009-04-12,2009-04-12,2009-04-12,1k,WF,modis_1k
5071_f,2009-06-02,2009-05-29,2009-06-02,1k,PB,modis_1k
5077_f,2009-05-18,2009-05-18,2009-05-19,1k,PB,modis_1k
5107_f,2009-10-16,2009-10-16,2009-10-16,1k,WF,modis_1k
5555_f,2009-12-20,2009-12-20,2009-12-20,1k,WF,modis_1k
5558_f,2009-12-29,2009-12-29,2009-12-30,1k,WF,modis_1k
5566_f,2009-10-07,2009-10-05,2009-10-07,1k,PB,modis_1k
5567_f,2009-10-09,2009-10-05,2009-10-09,1k,PB,modis_1k
5568_f,2009-09-27,2009-09-25,2009-09-27,1k,PB,modis_1k
5583_f,2009-10-16,2009-10-15,2009-10-17,1k,PB,modis_1k
5585_f,2009-10-15,2009-10-13,2009-10-15,1k,PB,modis_1k
5588_f,2009-10-22,2009-10-20,2009-10-22,1k,PB,modis_1k
5561_f,2009-11-02,2009-11-01,2009-11-02,1k,WF,modis_1k
5563_f,2009-12-13,2009-12-13,2009-12-18,1k,WF,modis_1k
5595_f,2009-10-14,2009-10-14,2009-10-14,1k,PB,modis_1k
5596_f,2009-11-01,2009-11-01,2009-11-02,1k,PB,modis_1k
5467_f,2010-01-18,2010-01-18,2010-01-18,1k,WF,modis_1k
5478_f,2010-01-24,2010-01-24,2010-01-24,1k,WF,modis_1k
5490_f,2010-05-05,2010-05-04,2010-05-07,1k,PB,modis_1k
5491_f,2010-05-17,2010-05-17,2010-05-17,1k,PB,modis_1k
5492_f,2010-05-19,2010-05-18,2010-05-20,1k,PB,modis_1k
5493_f,2010-05-20,2010-05-20,2010-05-20,1k,PB,modis_1k
5497_f,2010-05-06,2010-04-29,2010-05-06,1k,PB,modis_1k
5498_f,2010-05-03,2010-05-03,2010-05-03,1k,PB,modis_1k
5501_f,2010-04-29,2010-04-29,2010-04-29,1k,PB,modis_1k
5502_f,2010-04-26,2010-04-26,2010-04-27,1k,PB,modis_1k
5764_f,2010-10-09,2010-10-09,2010-10-09,1k,WF,modis_1k
5615_f,2010-10-13,2010-10-13,2010-10-15,1k,PB,modis_1k
5772_f,2010-08-11,2010-08-10,2010-08-11,1k,WF,modis_1k
5777_f,2010-09-30,2010-09-30,2010-09-30,1k,WF,modis_1k
5605_f,2010-06-10,2010-06-10,2010-06-10,1k,PB,modis_1k
5616_f,2010-09-14,2010-09-14,2010-09-14,1k,PB,modis_1k
5629_f,2010-09-06,2010-09-06,2010-09-06,1k,PB,modis_1k
5630_f,2010-08-03,2010-08-03,2010-08-03,1k,PB,modis_1k
5632_f,2010-07-23,2010-07-22,2010-07-23,1k,PB,modis_1k
5993_f,2011-11-16,2011-11-16,2011-11-16,1k,PB,modis_1k
5995_f,2011-11-01,2011-11-01,2011-11-01,1k,PB,modis_1k
5606_f,2011-05-09,2011-05-05,2011-05-13,1k,PB,modis_1k
5607_f,2011-05-09,2011-05-05,2011-05-13,1k,PB,modis_1k
5609_f,2011-05-16,2011-05-16,2011-05-16,1k,PB,modis_1k
5611_f,2011-05-12,2011-05-11,2011-05-12,1k,PB,modis_1k
5613_f,2011-05-12,2011-05-12,2011-05-12,1k,PB,modis_1k
5827_f,2011-10-11,2011-10-11,2011-10-11,1k,WF,modis_1k
5958_f,2011-11-20,2011-11-20,2011-11-20,1k,PB,modis_1k
5963_f,2011-10-05,2011-10-05,2011-10-05,1k,PB,modis_1k
5970_f,2011-09-11,2011-09-09,2011-09-11,1k,PB,modis_1k
5976_f,2011-10-06,2011-10-06,2011-10-06,1k,PB,modis_1k
5986_f,2011-10-20,2011-10-20,2011-10-20,1k,PB,modis_1k
5804_f,2011-02-05,2011-02-05,2011-02-06,1k,WF,modis_1k
5619_f,2011-05-09,2011-05-09,2011-05-09,1k,PB,modis_1k
5621_f,2011-05-11,2011-05-11,2011-05-11,1k,PB,modis_1k
5639_f,2011-05-11,2011-05-11,2011-05-11,1k,PB,modis_1k
5400_f,2012-10-20,2012-10-20,2012-10-20,1k,PB,modis_1k
5401_f,2012-10-25,2012-10-24,2012-10-25,1k,PB,modis_1k
5825_f,2012-01-29,2012-01-29,2012-01-30,1k,WF,modis_1k
5955_f,2012-05-25,2012-05-24,2012-05-26,1k,PB,modis_1k
5956_f,2012-05-26,2012-05-26,2012-05-26,1k,PB,modis_1k
6015_f,2012-10-10,2012-10-10,2012-10-11,1k,WF,modis_1k
6018_f,2012-10-06,2012-10-06,2012-10-10,1k,WF,modis_1k
5368_f,2012-09-15,2012-09-15,2012-09-15,1k,PB,modis_1k
6017_f,2013-02-04,2013-02-04,2013-02-04,1k,WF,modis_1k
6023_f,2013-02-28,2013-02-28,2013-02-28,1k,WF,modis_1k
5373_f,2013-05-23,2013-05-22,2013-05-23,1k,PB,modis_1k
5381_f,2013-05-25,2013-05-25,2013-05-25,1k,PB,modis_1k
5390_f,2013-05-17,2013-05-17,2013-05-17,1k,PB,modis_1k
0240_f,2013-10-14,2013-10-14,2013-10-14,1k,PB,modis_1k
0248_f,2013-10-28,2013-10-28,2013-10-29,1k,PB,modis_1k
0339_f,2014-08-11,2014-08-05,2014-08-15,1k,PB,modis_1k
0354_f,2014-09-18,2014-09-18,2014-09-18,1k,PB,modis_1k
0369_f,2014-09-16,2014-09-16,2014-09-17,1k,PB,modis_1k
0459_f,2014-12-21,2014-12-19,2014-12-21,1k,WF,modis_1k
0225_f,2014-06-06,2014-06-06,2014-06-06,1k,PB,modis_1k
0236_f,2014-06-05,2014-06-05,2014-06-06,1k,PB,modis_1k
0654_f,2015-11-23,2015-11-23,2015-11-23,1k,WF,modis_1k
0273_f,2015-05-15,2015-05-15,2015-05-15,1k,WF,modis_1k
0279_f,2015-01-30,2015-01-30,2015-02-04,1k,WF,modis_1k
0327_f,2015-04-26,2015-04-26,2015-04-26,1k,PB,modis_1k
0337_f,2015-04-26,2015-04-26,2015-04-27,1k,PB,modis_1k
0655_f,2015-10-08,2015-10-01,2015-10-08,1k,PB,modis_1k
0657_f,2015-10-24,2015-10-21,2015-10-26,1k,PB,modis_1k
0658_f,2015-10-24,2015-10-20,2015-10-24,1k,PB,modis_1k
0659_f,2015-10-24,2015-10-21,2015-10-24,1k,PB,modis_1k
0604_f,2015-09-16,2015-09-16,2015-09-22,1k,PB,modis_1k
0338_f,2015-04-20,2015-04-20,2015-04-20,1k,PB,modis_1k
0351_f,2015-05-13,2015-05-13,2015-05-13,1k,PB,modis_1k
0356_f,2015-04-19,2015-04-19,2015-04-19,1k,PB,modis_1k
0357_f,2015-04-24,2015-04-22,2015-04-25,1k,PB,modis_1k
0359_f,2015-05-21,2015-05-21,2015-05-21,1k,PB,modis_1k
0380_f,2015-05-12,2015-05-08,2015-05-12,1k,PB,modis_1k
0476_f,2015-02-06,2015-01-31,2015-02-06,1k,WF,modis_1k
0644_f,2015-11-15,2015-11-15,2015-11-16,1k,WF,modis_1k
0900_f,2015-09-23,2015-09-23,2015-09-23,1k,WF,modis_1k
0627_f,2015-09-03,2015-09-03,2015-09-09,1k,PB,modis_1k
0629_f,2015-09-21,2015-09-20,2015-09-22,1k,PB,modis_1k
0630_f,2015-09-27,2015-09-27,2015-09-27,1k,PB,modis_1k
0639_f,2015-10-28,2015-10-28,2015-10-29,1k,PB,modis_1k
0641_f,2015-11-04,2015-11-04,2015-11-10,1k,PB,modis_1k
0965_f,2016-04-03,2016-04-02,2016-04-03,1k,PB,modis_1k
0966_f,2016-04-03,2016-04-01,2016-04-03,1k,PB,modis_1k
2376_f,2016-11-01,2016-11-01,2016-11-02,1k,PB,modis_1k
2132_f,2016-10-21,2016-10-18,2016-10-21,1k,PB,modis_1k
2149_f,2016-10-12,2016-10-12,2016-10-13,1k,PB,modis_1k
2153_f,2016-10-23,2016-10-23,2016-10-28,1k,PB,modis_1k
2156_f,2016-10-26,2016-10-26,2016-11-02,1k,PB,modis_1k
2159_f,2016-10-31,2016-10-31,2016-10-31,1k,PB,modis_1k
2164_f,2016-11-08,2016-11-08,2016-11-08,1k,PB,modis_1k
2167_f,2016-11-09,2016-11-09,2016-11-12,1k,PB,modis_1k
0909_f,2016-01-09,2016-01-09,2016-01-09,1k,WF,modis_1k
0923_f,2016-03-14,2016-03-14,2016-03-14,1k,WF,modis_1k
0961_f,2016-04-06,2016-04-06,2016-04-07,1k,PB,modis_1k
0964_f,2016-04-22,2016-04-22,2016-04-23,1k,PB,modis_1k
2373_f,2017-03-30,2017-03-30,2017-03-31,1k,PB,modis_1k
2382_f,2017-05-06,2017-05-06,2017-05-06,1k,PB,modis_1k
2383_f,2017-05-07,2017-05-07,2017-05-13,1k,PB,modis_1k
2386_f,2017-03-29,2017-03-29,2017-03-30,1k,PB,modis_1k
2387_f,2017-03-29,2017-03-29,2017-03-31,1k,PB,modis_1k
2757_f,2017-10-31,2017-10-31,2017-11-01,1k,PB,modis_1k
2362_f,2017-01-05,2017-01-05,2017-01-05,1k,WF,modis_1k
2363_f,2017-01-08,2017-01-08,2017-01-08,1k,WF,modis_1k
2431_f,2017-04-10,2017-04-10,2017-04-18,1k,PB,modis_1k
2434_f,2017-03-31,2017-03-31,2017-04-01,1k,PB,modis_1k
2443_f,2017-05-13,2017-05-10,2017-05-13,1k,PB,modis_1k
2575_f,2017-11-01,2017-10-31,2017-11-01,1k,PB,modis_1k
2428_f,2017-03-29,2017-03-29,2017-03-30,1k,PB,modis_1k
2445_f,2017-06-09,2017-06-08,2017-06-09,1k,PB,modis_1k
2762_f,2018-05-01,2018-05-01,2018-05-01,1k,PB,modis_1k
2807_f,2018-05-16,2018-05-16,2018-05-18,1k,PB,modis_1k
2808_f,2018-05-01,2018-05-01,2018-05-03,1k,PB,modis_1k
2760_f,2018-05-24,2018-05-23,2018-05-24,1k,WF,modis_1k
2777_f,2018-05-05,2018-05-03,2018-05-11,1k,PB,modis_1k
2778_f,2018-05-10,2018-05-10,2018-05-12,1k,PB,modis_1k
2815_f,2018-01-29,2018-01-29,2018-01-29,1k,WF,modis_1k
2847_f,2018-05-05,2018-05-05,2018-05-05,1k,WF,modis_1k
3810_f,2018-10-25,2018-10-25,2018-10-25,1k,PB,modis_1k
3811_f,2018-10-26,2018-10-26,2018-10-27,1k,PB,modis_1k
3991_f,2018-10-02,2018-10-02,2018-10-02,1k,PB,modis_1k
3327_f,2019-10-22,2019-10-22,2019-10-25,1k,PB,modis_1k
4787_f,2019-10-08,2019-10-08,2019-10-08,1k,PB,modis_1k
4789_f,2019-09-28,2019-09-28,2019-09-29,1k,PB,modis_1k
5206_f,2019-05-01,2019-05-01,2019-05-01,1k,PB,modis_1k
5208_f,2019-05-09,2019-05-09,2019-05-09,1k,PB,modis_1k
5212_f,2019-05-03,2019-05-03,2019-05-03,1k,PB,modis_1k
0256_f,2019-12-14,2019-12-14,2019-12-16,1k,WF,modis_1k
3774_f,2019-01-20,2019-01-20,2019-01-20,1k,WF,modis_1k
0598_f,2019-11-21,2019-11-21,2019-11-21,1k,WF,modis_1k
4765_f,2019-09-12,2019-09-08,2019-09-12,1k,PB,modis_1k
4770_f,2019-09-29,2019-09-29,2019-09-29,1k,PB,modis_1k
4778_f,2019-09-30,2019-09-24,2019-09-30,1k,PB,modis_1k
4779_f,2019-10-15,2019-10-15,2019-10-15,1k,PB,modis_1k
4781_f,2019-10-25,2019-10-21,2019-10-25,1k,PB,modis_1k
3805_f,2019-05-10,2019-05-10,2019-05-15,1k,PB,modis_1k
3806_f,2019-05-27,2019-05-26,2019-05-28,1k,PB,modis_1k
3807_f,2019-05-27,2019-05-27,2019-05-29,1k,PB,modis_1k
3808_f,2019-05-27,2019-05-27,2019-06-02,1k,PB,modis_1k
3809_f,2019-06-03,2019-06-03,2019-06-03,1k,PB,modis_1k
6149_f,2019-12-15,2019-12-15,2019-12-15,1k,WF,modis_1k
6408_f,2020-05-02,2020-05-02,2020-05-03,1k,PB,modis_1k
6407_f,2020-10-10,2020-10-10,2020-10-10,1k,PB,modis_1k
6300_f,2020-10-10,2020-10-10,2020-10-10,1k,PB,modis_1k
3035_f,2020-09-18,2020-09-18,2020-09-18,1k,PB,modis_1k
6160_f,2020-10-12,2020-10-12,2020-10-12,1k,PB,modis_1k
6161_f,2020-10-07,2020-10-06,2020-10-07,1k,PB,modis_1k
6164_f,2020-10-22,2020-10-22,2020-10-28,1k,PB,modis_1k
6166_f,2020-10-12,2020-10-12,2020-10-18,1k,PB,modis_1k
6167_f,2020-10-12,2020-10-12,2020-10-14,1k,PB,modis_1k
6203_f,2020-10-28,2020-10-28,2020-10-28,1k,PB,modis_1k
6206_f,2020-10-15,2020-10-15,2020-10-21,1k,PB,modis_1k
6207_f,2020-10-15,2020-10-15,2020-10-23,1k,PB,modis_1k
6212_f,2020-10-21,2020-10-20,2020-10-21,1k,PB,modis_1k
6213_f,2020-11-07,2020-11-06,2020-11-08,1k,PB,modis_1k
3674_f,2020-04-27,2020-04-26,2020-05-03,1k,PB,modis_1k
3675_f,2020-05-02,2020-05-02,2020-05-02,1k,PB,modis_1k
3724_f,2020-06-08,2020-06-08,2020-06-08,1k,PB,modis_1k
3743_f,2020-05-02,2020-05-01,2020-05-03,1k,PB,modis_1k
6347_f,2020-12-29,2020-12-29,2020-12-29,1k,WF,modis_1k
3726_f,2020-05-20,2020-05-20,2020-05-20,1k,PB,modis_1k
3758_f,2020-05-13,2020-05-13,2020-05-16,1k,PB,modis_1k
6369_f,2020-11-26,2020-11-26,2020-11-26,1k,WF,modis_1k
5378_f,2012-11-19,2012-10-24,2012-11-15,train_test,PB,modis_250m
6392_f,2017-11-04,2017-10-31,2017-11-04,train_test,PB,modis_250m
0647_f,2015-11-16,2015-11-16,2015-11-22,manual_check,WF,modis_250m
0917_f,2016-02-10,2016-02-10,2016-02-12,manual_check,WF,modis_250m
0095_f,2013-11-08,2013-10-29,2013-11-08,manual_check,PB,modis_250m
0140_f,2013-12-30,2013-12-30,2014-01-05,manual_check,WF,modis_250m
0245_f,2013-10-23,2013-10-23,2013-10-23,manual_check,PB,modis_250m
0446_f,2014-12-31,2014-12-31,2014-12-31,manual_check,WF,modis_250m
2364_f,2016-10-28,2016-10-28,2016-10-30,manual_check,WF,modis_250m
4395_f,2005-11-13,2005-11-13,2005-11-15,manual_check,PB,modis_250m
4414_f,2005-11-20,2005-11-20,2005-11-21,manual_check,WF,modis_250m
4523_f,2006-10-06,2006-10-02,2006-10-07,manual_check,PB,modis_250m
4542_f,2006-12-16,2006-12-16,2006-12-16,manual_check,WF,modis_250m
4548_f,2019-10-20,2019-10-20,2019-10-22,manual_check,WF,modis_250m
4561_f,2008-05-07,2008-05-07,2008-05-09,manual_check,PB,modis_250m
4782_f,2019-10-25,2019-10-10,2019-10-18,manual_check,PB,modis_250m
4972_f,2007-10-16,2007-10-16,2007-10-16,manual_check,PB,modis_250m
4975_f,2007-10-07,2007-10-05,2007-10-07,manual_check,PB,modis_250m
4987_f,2007-10-20,2007-10-20,2007-10-23,manual_check,PB,modis_250m
5005_f,2007-11-25,2007-11-25,2007-11-27,manual_check,WF,modis_250m
5216_f,2018-10-30,2018-10-30,2018-10-30,manual_check,PB,modis_250m
5334_f,2008-12-30,2008-12-30,2008-12-30,manual_check,WF,modis_250m
5370_f,2012-09-15,2012-09-10,2012-09-15,manual_check,PB,modis_250m
5499_f,2010-05-03,2010-04-25,2010-05-03,manual_check,PB,modis_250m
5505_f,2013-02-18,2013-02-18,2013-02-19,manual_check,WF,modis_250m
5544_f,2009-12-07,2009-12-07,2009-12-09,manual_check,WF,modis_250m
5969_f,2011-11-16,2011-11-01,2011-11-16,manual_check,PB,modis_250m
0238_f,2013-10-14,2013-10-14,2013-10-14,train_test,PB,no_adj
2572_f,2017-10-06,2017-10-06,2017-10-06,train_test,PB,no_adj
4766_f,2019-09-14,2019-09-14,2019-09-14,train_test,PB,no_adj
4780_f,2019-10-16,2019-10-16,2019-10-16,train_test,PB,no_adj
2758_f,2017-10-31,2017-10-31,2017-10-31,no_modis,PB,no_adj
2791_f,2017-10-23,2017-10-23,2017-10-23,no_modis,PB,no_adj
4288_f,2006-02-05,2006-02-05,2006-02-05,no_modis,WF,no_adj
4380_f,2005-11-23,2005-11-23,2005-11-23,no_modis,PB,no_adj
4401_f,2005-12-09,2005-12-09,2005-12-09,no_modis,PB,no_adj
4518_f,2006-09-29,2006-09-29,2006-09-29,no_modis,PB,no_adj
5250_f,2008-11-29,2008-11-29,2008-11-29,no_modis,PB,no_adj
5612_f,2011-05-12,2011-05-12,2011-05-12,no_modis,PB,no_adj
6155_f,2020-08-31,2020-08-31,2020-08-31,no_modis,PB,no_adj
0607_f,2015-04-01,2015-04-01,2015-04-01,no_modis,PB,no_adj
2141_f,2016-07-15,2016-07-15,2016-07-15,no_modis,PB,no_adj
4177_f,2005-02-15,2005-02-15,2005-02-15,no_modis,WF,no_adj
4201_f,2005-02-20,2005-02-20,2005-02-20,no_modis,WF,no_adj
4133_f,2005-05-18,2005-05-18,2005-05-18,no_modis,PB,no_adj
4134_f,2005-05-09,2005-05-09,2005-05-09,no_modis,PB,no_adj
4135_f,2005-06-01,2005-06-01,2005-06-01,no_modis,PB,no_adj
4383_f,2005-11-30,2005-11-30,2005-11-30,no_modis,PB,no_adj
4384_f,2005-12-17,2005-12-17,2005-12-17,no_modis,PB,no_adj
4392_f,2005-10-14,2005-10-14,2005-10-14,no_modis,PB,no_adj
4393_f,2005-10-14,2005-10-14,2005-10-14,no_modis,PB,no_adj
4396_f,2005-10-14,2005-10-14,2005-10-14,no_modis,PB,no_adj
4403_f,2005-11-24,2005-11-24,2005-11-24,no_modis,PB,no_adj
4537_f,2006-12-03,2006-12-03,2006-12-03,no_modis,WF,no_adj
4250_f,2006-05-23,2006-05-23,2006-05-23,no_modis,PB,no_adj
4266_f,2006-06-18,2006-06-18,2006-06-18,no_modis,PB,no_adj
4520_f,2006-11-03,2006-11-03,2006-11-03,no_modis,PB,no_adj
4507_f,2006-10-31,2006-10-31,2006-10-31,no_modis,PB,no_adj
4508_f,2006-09-25,2006-09-25,2006-09-25,no_modis,PB,no_adj
4515_f,2006-11-01,2006-11-01,2006-11-01,no_modis,PB,no_adj
4517_f,2006-12-06,2006-12-06,2006-12-06,no_modis,PB,no_adj
4519_f,2006-11-20,2006-11-20,2006-11-20,no_modis,PB,no_adj
4477_f,2007-02-24,2007-02-24,2007-02-24,no_modis,WF,no_adj
4482_f,2007-01-29,2007-01-29,2007-01-29,no_modis,WF,no_adj
5011_f,2007-11-21,2007-11-21,2007-11-21,no_modis,WF,no_adj
4967_f,2007-10-16,2007-10-16,2007-10-16,no_modis,PB,no_adj
4974_f,2007-10-30,2007-10-30,2007-10-30,no_modis,PB,no_adj
4976_f,2007-10-23,2007-10-23,2007-10-23,no_modis,PB,no_adj
4981_f,2007-10-16,2007-10-16,2007-10-16,no_modis,PB,no_adj
4988_f,2007-11-20,2007-11-20,2007-11-20,no_modis,PB,no_adj
4991_f,2007-10-30,2007-10-30,2007-10-30,no_modis,PB,no_adj
4992_f,2007-12-04,2007-12-04,2007-12-04,no_modis,PB,no_adj
5001_f,2007-11-03,2007-11-03,2007-11-03,no_modis,PB,no_adj
4467_f,2007-04-20,2007-04-20,2007-04-20,no_modis,PB,no_adj
4455_f,2007-05-18,2007-05-18,2007-05-18,no_modis,PB,no_adj
4456_f,2007-05-17,2007-05-17,2007-05-17,no_modis,PB,no_adj
5243_f,2008-12-11,2008-12-11,2008-12-11,no_modis,PB,no_adj
5244_f,2008-09-06,2008-09-06,2008-09-06,no_modis,PB,no_adj
5245_f,2008-09-06,2008-09-06,2008-09-06,no_modis,PB,no_adj
5247_f,2008-10-27,2008-10-27,2008-10-27,no_modis,PB,no_adj
5249_f,2008-09-29,2008-09-29,2008-09-29,no_modis,PB,no_adj
5253_f,2008-10-25,2008-10-25,2008-10-25,no_modis,PB,no_adj
5075_f,2009-06-05,2009-06-05,2009-06-05,no_modis,PB,no_adj
5076_f,2009-06-09,2009-06-09,2009-06-09,no_modis,PB,no_adj
5574_f,2009-10-27,2009-10-27,2009-10-27,no_modis,PB,no_adj
5576_f,2009-11-14,2009-11-14,2009-11-14,no_modis,PB,no_adj
5579_f,2009-11-07,2009-11-07,2009-11-07,no_modis,PB,no_adj
5581_f,2009-11-16,2009-11-16,2009-11-16,no_modis,PB,no_adj
5584_f,2009-08-03,2009-08-03,2009-08-03,no_modis,PB,no_adj
5586_f,2009-10-19,2009-10-19,2009-10-19,no_modis,PB,no_adj
5592_f,2009-10-27,2009-10-27,2009-10-27,no_modis,PB,no_adj
5598_f,2009-11-01,2009-11-01,2009-11-01,no_modis,PB,no_adj
5599_f,2009-10-16,2009-10-16,2009-10-16,no_modis,PB,no_adj
4102_f,2010-05-17,2010-05-17,2010-05-17,no_modis,PB,no_adj
5487_f,2010-05-26,2010-05-26,2010-05-26,no_modis,PB,no_adj
5488_f,2010-05-11,2010-05-11,2010-05-11,no_modis,PB,no_adj
5794_f,2010-12-19,2010-12-19,2010-12-19,no_modis,WF,no_adj
5800_f,2010-12-29,2010-12-29,2010-12-29,no_modis,WF,no_adj
5602_f,2010-06-08,2010-06-08,2010-06-08,no_modis,PB,no_adj
5603_f,2010-06-08,2010-06-08,2010-06-08,no_modis,PB,no_adj
5624_f,2010-08-23,2010-08-23,2010-08-23,no_modis,PB,no_adj
5633_f,2010-09-15,2010-09-15,2010-09-15,no_modis,PB,no_adj
5634_f,2010-09-15,2010-09-15,2010-09-15,no_modis,PB,no_adj
5771_f,2010-11-29,2010-11-29,2010-11-29,no_modis,WF,no_adj
5815_f,2011-10-16,2011-10-16,2011-10-16,no_modis,WF,no_adj
5997_f,2011-11-12,2011-11-12,2011-11-12,no_modis,PB,no_adj
5608_f,2011-05-15,2011-05-15,2011-05-15,no_modis,PB,no_adj
5964_f,2011-08-28,2011-08-28,2011-08-28,no_modis,PB,no_adj
5965_f,2011-07-19,2011-07-19,2011-07-19,no_modis,PB,no_adj
5967_f,2011-11-16,2011-11-16,2011-11-16,no_modis,PB,no_adj
5984_f,2011-10-07,2011-10-07,2011-10-07,no_modis,PB,no_adj
5988_f,2011-11-15,2011-11-15,2011-11-15,no_modis,PB,no_adj
6001_f,2012-09-15,2012-09-15,2012-09-15,no_modis,WF,no_adj
5402_f,2012-11-09,2012-11-09,2012-11-09,no_modis,PB,no_adj
5379_f,2012-11-15,2012-11-15,2012-11-15,no_modis,PB,no_adj
0096_f,2013-11-08,2013-11-08,2013-11-08,no_modis,PB,no_adj
0098_f,2013-11-08,2013-11-08,2013-11-08,no_modis,PB,no_adj
5388_f,2013-05-17,2013-05-17,2013-05-17,no_modis,PB,no_adj
0082_f,2013-10-21,2013-10-21,2013-10-21,no_modis,PB,no_adj
0241_f,2013-11-03,2013-11-03,2013-11-03,no_modis,PB,no_adj
0247_f,2013-10-25,2013-10-25,2013-10-25,no_modis,PB,no_adj
5357_f,2013-04-30,2013-04-30,2013-04-30,no_modis,PB,no_adj
0272_f,2014-12-11,2014-12-11,2014-12-11,no_modis,WF,no_adj
0328_f,2014-11-04,2014-11-04,2014-11-04,no_modis,PB,no_adj
0355_f,2014-11-04,2014-11-04,2014-11-04,no_modis,PB,no_adj
0363_f,2014-07-01,2014-07-01,2014-07-01,no_modis,PB,no_adj
0267_f,2015-05-18,2015-05-18,2015-05-18,no_modis,WF,no_adj
0274_f,2015-01-05,2015-01-05,2015-01-05,no_modis,WF,no_adj
0936_f,2015-09-16,2015-09-16,2015-09-16,no_modis,PB,no_adj
0971_f,2015-09-16,2015-09-16,2015-09-16,no_modis,PB,no_adj
0978_f,2015-09-16,2015-09-16,2015-09-16,no_modis,PB,no_adj
0451_f,2015-01-06,2015-01-06,2015-01-06,no_modis,WF,no_adj
0470_f,2015-02-02,2015-02-02,2015-02-02,no_modis,WF,no_adj
0585_f,2015-05-16,2015-05-16,2015-05-16,no_modis,WF,no_adj
0797_f,2015-12-18,2015-12-18,2015-12-18,no_modis,WF,no_adj
0642_f,2015-11-07,2015-11-07,2015-11-07,no_modis,PB,no_adj
0606_f,2016-04-01,2016-04-01,2016-04-01,no_modis,PB,no_adj
2546_f,2016-09-16,2016-09-16,2016-09-16,no_modis,PB,no_adj
2548_f,2016-09-16,2016-09-16,2016-09-16,no_modis,PB,no_adj
2170_f,2016-07-12,2016-07-12,2016-07-12,no_modis,PB,no_adj
0914_f,2016-01-17,2016-01-17,2016-01-17,no_modis,WF,no_adj
0948_f,2016-05-04,2016-05-04,2016-05-04,no_modis,PB,no_adj
0963_f,2016-05-31,2016-05-31,2016-05-31,no_modis,PB,no_adj
2543_f,2017-04-01,2017-04-01,2017-04-01,no_modis,PB,no_adj
2947_f,2017-09-16,2017-09-16,2017-09-16,no_modis,PB,no_adj
2952_f,2017-09-16,2017-09-16,2017-09-16,no_modis,PB,no_adj
2956_f,2017-09-16,2017-09-16,2017-09-16,no_modis,PB,no_adj
2957_f,2017-09-16,2017-09-16,2017-09-16,no_modis,PB,no_adj
2558_f,2017-08-28,2017-08-28,2017-08-28,no_modis,PB,no_adj
2753_f,2017-11-21,2017-11-21,2017-11-21,no_modis,PB,no_adj
2754_f,2017-11-21,2017-11-21,2017-11-21,no_modis,PB,no_adj
2820_f,2017-12-01,2017-12-01,2017-12-01,no_modis,WF,no_adj
2765_f,2018-05-03,2018-05-03,2018-05-03,no_modis,PB,no_adj
5209_f,2018-10-16,2018-10-16,2018-10-16,no_modis,PB,no_adj
2951_f,2018-04-01,2018-04-01,2018-04-01,no_modis,PB,no_adj
2958_f,2018-04-01,2018-04-01,2018-04-01,no_modis,PB,no_adj
2770_f,2018-04-09,2018-04-09,2018-04-09,no_modis,PB,no_adj
3816_f,2018-10-29,2018-10-29,2018-10-29,no_modis,PB,no_adj
3820_f,2018-11-03,2018-11-03,2018-11-03,no_modis,PB,no_adj
3828_f,2018-11-06,2018-11-06,2018-11-06,no_modis,PB,no_adj
3829_f,2018-11-06,2018-11-06,2018-11-06,no_modis,PB,no_adj
3989_f,2018-10-02,2018-10-02,2018-10-02,no_modis,PB,no_adj
3992_f,2018-10-02,2018-10-02,2018-10-02,no_modis,PB,no_adj
3997_f,2018-10-02,2018-10-02,2018-10-02,no_modis,PB,no_adj
5221_f,2019-05-29,2019-05-29,2019-05-29,no_modis,PB,no_adj
3799_f,2019-06-04,2019-06-04,2019-06-04,no_modis,WF,no_adj
0592_f,2019-11-30,2019-11-30,2019-11-30,no_modis,WF,no_adj
4683_f,2019-11-28,2019-11-28,2019-11-28,no_modis,PB,no_adj
4762_f,2019-09-12,2019-09-12,2019-09-12,no_modis,PB,no_adj
4774_f,2019-09-30,2019-09-30,2019-09-30,no_modis,PB,no_adj
4775_f,2019-09-30,2019-09-30,2019-09-30,no_modis,PB,no_adj
4783_f,2019-10-25,2019-10-25,2019-10-25,no_modis,PB,no_adj
6409_f,2020-05-02,2020-05-02,2020-05-02,no_modis,PB,no_adj
6411_f,2020-05-02,2020-05-02,2020-05-02,no_modis,PB,no_adj
6406_f,2020-10-12,2020-10-12,2020-10-12,no_modis,PB,no_adj
6286_f,2020-10-12,2020-10-12,2020-10-12,no_modis,PB,no_adj
6321_f,2020-10-29,2020-10-29,2020-10-29,no_modis,PB,no_adj
6323_f,2020-11-21,2020-11-21,2020-11-21,no_modis,PB,no_adj
3036_f,2020-10-01,2020-10-01,2020-10-01,no_modis,PB,no_adj
6158_f,2020-10-06,2020-10-06,2020-10-06,no_modis,PB,no_adj
6163_f,2020-10-22,2020-10-22,2020-10-22,no_modis,PB,no_adj
6168_f,2020-10-12,2020-10-12,2020-10-12,no_modis,PB,no_adj
6204_f,2020-10-28,2020-10-28,2020-10-28,no_modis,PB,no_adj
6208_f,2020-10-15,2020-10-15,2020-10-15,no_modis,PB,no_adj
6214_f,2020-11-07,2020-11-07,2020-11-07,no_modis,PB,no_adj
4236_f,2020-05-24,2020-05-24,2020-05-24,no_modis,WF,no_adj
0243_f,2013-10-02,2013-10-02,2013-10-02,train_test,PB,manual
0374_f,2014-09-14,2014-09-14,2014-09-17,train_test,PB,manual
0649_f,2015-11-15,2015-11-08,2015-11-20,train_test,WF,manual
2442_f,2017-05-12,2017-05-07,2017-05-15,train_test,PB,manual
2561b_f,2017-09-05,2017-09-05,2017-09-16,train_test,PB,manual
2571_f,2017-10-24,2017-10-02,2017-10-24,train_test,PB,manual
2574_f,2017-10-30,2017-10-12,2017-10-30,train_test,PB,manual
2822_f,2018-01-14,2018-01-14,2018-01-21,train_test,WF,manual
3802_f,2019-04-22,2019-04-22,2019-04-27,train_test,PB,manual
3815_f,2018-10-28,2018-10-16,2018-10-28,train_test,PB,manual
3979_f,2018-08-27,2018-09-22,2018-09-27,train_test,PB,manual
3981_f,2018-09-27,2018-09-23,2018-10-09,train_test,PB,manual
4761_f,2019-09-11,2019-10-16,2019-10-18,train_test,PB,manual
4767_f,2019-09-23,2019-09-10,2019-10-09,train_test,PB,manual
5635_f,2010-08-19,2010-08-19,2010-08-28,train_test,PB,manual
5985_f,2011-10-17,2011-10-06,2011-10-17,train_test,PB,manual
6153_f,2020-09-13,2020-09-13,2020-09-13,train_test,PB,manual
6162_f,2020-09-17,2020-09-17,2020-09-18,train_test,PB,manual
6205_f,2020-10-15,2020-10-15,2020-10-15,train_test,PB,manual
6388_f,2017-09-05,2018-05-03,2018-05-03,train_test,PB,manual
6389_f,2017-09-05,2017-10-03,2017-10-14,train_test,PB,manual
6393_f,2017-11-04,2018-05-16,2018-05-17,train_test,PB,manual
6398_f,2018-09-28,2019-05-01,2019-05-09,train_test,PB,manual
6399_f,2018-09-28,2018-10-17,2018-10-26,train_test,PB,manual
4178_f,2005-01-15,2005-01-15,2005-01-22,manual_check,WF,manual
4143_f,2005-02-04,2005-02-04,2005-02-04,manual_check,WF,manual
4128_f,2005-05-28,2005-04-22,2005-04-22,manual_check,PB,manual
4138_f,2005-05-30,2005-05-30,2005-05-30,manual_check,PB,manual
4373_f,2006-05-19,2005-10-29,2005-11-09,manual_check,PB,manual
4406_f,2005-11-28,2005-11-12,2005-11-21,manual_check,PB,manual
4285_f,2006-01-22,2006-01-22,2006-02-04,manual_check,WF,manual
4286_f,2006-02-05,2006-02-05,2006-02-05,manual_check,WF,manual
4270_f,2006-05-02,2006-04-30,2006-05-12,manual_check,PB,manual
4256_f,2006-05-04,2006-05-11,2006-05-13,manual_check,PB,manual
4252_f,2006-05-19,2006-05-18,2006-05-25,manual_check,PB,manual
4259_f,2006-06-06,2006-06-03,2006-06-06,manual_check,PB,manual
4268_f,2006-05-23,2006-06-03,2006-06-12,manual_check,PB,manual
4516_f,2006-07-01,2006-07-16,2006-07-19,manual_check,PB,manual
4524_f,2006-10-06,2006-09-27,2006-10-19,manual_check,PB,manual
4512_f,2006-10-31,2006-10-10,2006-10-31,manual_check,PB,manual
4527_f,2006-10-19,2006-10-20,2006-10-28,manual_check,WF,manual
4513_f,2006-10-31,2006-10-31,2006-10-31,manual_check,PB,manual
4503_f,2007-01-26,2007-01-27,2007-02-04,manual_check,WF,manual
4487_f,2007-01-29,2007-01-29,2007-02-07,manual_check,WF,manual
4457_f,2007-05-17,2007-04-21,2007-04-28,manual_check,PB,manual
4460_f,2007-05-11,2007-04-27,2007-05-11,manual_check,PB,manual
4458_f,2007-05-17,2007-04-28,2007-05-17,manual_check,PB,manual
4451_f,2007-05-07,2007-05-07,2007-05-07,manual_check,PB,manual
4449_f,2007-06-10,2007-06-03,2007-06-10,manual_check,PB,manual
5059_f,2007-09-16,2007-09-16,2007-09-16,manual_check,PB,manual
4971_f,2007-10-14,2007-10-12,2007-10-14,manual_check,PB,manual
4978_f,2007-10-14,2007-10-14,2007-11-04,manual_check,PB,manual
4999_f,2007-10-06,2007-10-25,2007-11-02,manual_check,PB,manual
5002_f,2007-11-02,2007-11-01,2007-11-20,manual_check,PB,manual
4552_f,2008-04-16,2008-04-12,2008-04-14,manual_check,PB,manual
5257_f,2008-10-11,2008-08-11,2008-08-18,manual_check,PB,manual
5238_f,2008-10-11,2008-10-11,2008-10-14,manual_check,PB,manual
5240_f,2008-11-13,2008-10-18,2008-11-13,manual_check,PB,manual
5236_f,2008-10-18,2008-10-18,2008-10-19,manual_check,PB,manual
5239_f,2008-11-13,2008-11-13,2008-10-17,manual_check,PB,manual
5580_f,2009-09-20,2009-05-28,2009-06-07,manual_check,PB,manual
5070_f,2009-05-30,2009-05-29,2009-06-06,manual_check,PB,manual
5074_f,2009-06-09,2009-05-29,2009-06-17,manual_check,PB,manual
5336_f,2009-06-15,2009-06-13,2009-06-15,manual_check,PB,manual
5573_f,2009-09-19,2009-09-19,2009-10-13,manual_check,PB,manual
5572_f,2009-10-05,2009-10-05,2009-10-17,manual_check,PB,manual
5569_f,2009-10-08,2009-10-08,2009-10-08,manual_check,PB,manual
5570_f,2009-10-09,2009-10-09,2009-10-17,manual_check,PB,manual
5571_f,2009-10-09,2009-10-09,2009-10-09,manual_check,PB,manual
5594_f,2009-10-22,2009-10-19,2009-10-22,manual_check,PB,manual
5578_f,2009-11-08,2009-10-27,2009-11-08,manual_check,PB,manual
5597_f,2009-11-01,2009-11-01,2009-11-02,manual_check,PB,manual
5473_f,2010-02-06,2010-02-06,2010-02-09,manual_check,WF,manual
5504_f,2010-05-03,2010-04-10,2010-04-19,manual_check,PB,manual
5500_f,2010-05-03,2010-04-19,2010-05-03,manual_check,PB,manual
5486_f,2010-05-17,2010-04-20,2010-05-08,manual_check,PB,manual
5495_f,2010-04-28,2010-04-20,2010-05-12,manual_check,PB,manual
5489_f,2010-04-27,2010-04-27,2010-04-29,manual_check,PB,manual
5485_f,2010-05-03,2010-05-03,2010-05-03,manual_check,PB,manual
5494_f,2010-05-31,2010-05-26,2010-06-10,manual_check,PB,manual
5614_f,2010-09-21,2010-09-21,2010-09-21,manual_check,PB,manual
5797_f,2010-12-21,2010-12-21,2010-12-30,manual_check,WF,manual
5620_f,2011-05-16,2011-05-04,2011-05-09,manual_check,PB,manual
5622_f,2011-05-29,2011-05-12,2011-05-29,manual_check,PB,manual
5966_f,2011-08-27,2011-08-27,2011-08-27,manual_check,PB,manual
5971_f,2011-10-22,2011-10-01,2011-10-07,manual_check,PB,manual
5960_f,2011-11-16,2011-11-12,2011-11-23,manual_check,PB,manual
5962_f,2011-11-12,2011-11-12,2011-11-12,manual_check,PB,manual
5989_f,2011-11-19,2011-11-19,2011-11-20,manual_check,PB,manual
5954_f,2012-06-05,2012-06-05,2012-06-05,manual_check,PB,manual
0244_f,2013-10-22,2013-10-13,2013-10-22,manual_check,PB,manual
0094_f,2013-11-08,2013-10-17,2013-10-21,manual_check,PB,manual
0097_f,2013-11-08,2013-10-23,2013-10-23,manual_check,PB,manual
0246_f,2013-10-25,2013-10-25,2013-10-30,manual_check,PB,manual
0350_f,2014-09-17,2014-09-17,2014-09-17,manual_check,PB,manual
6385_f,2014-10-30,2014-10-30,2014-11-05,manual_check,PB,manual
0452_f,2015-01-10,2015-01-06,2015-01-10,manual_check,WF,manual
0471_f,2015-03-03,2015-01-31,2015-02-07,manual_check,WF,manual
0472_f,2015-03-03,2015-02-04,2015-02-06,manual_check,WF,manual
0469_f,2015-02-08,2015-02-08,2015-02-08,manual_check,WF,manual
0330_f,2014-10-15,2015-04-21,2015-04-27,manual_check,PB,manual
0440_f,2015-04-28,2015-04-27,2015-04-28,manual_check,PB,manual
6382_f,2014-09-25,2015-05-02,2015-05-02,manual_check,PB,manual
0439_f,2015-05-13,2015-05-03,2015-05-13,manual_check,PB,manual
0438_f,2015-05-12,2015-05-12,2015-05-15,manual_check,PB,manual
0336_f,2015-05-15,2015-05-13,2015-05-15,manual_check,PB,manual
0277_f,2015-05-15,2015-05-15,2015-05-15,manual_check,WF,manual
6387_f,2015-09-25,2015-05-31,2015-06-02,manual_check,PB,manual
0622_f,2015-08-27,2015-08-14,2015-08-27,manual_check,PB,manual
0631_f,2015-09-27,2015-09-07,2015-09-29,manual_check,PB,manual
6386_f,2015-09-25,2015-09-09,2015-09-25,manual_check,PB,manual
0790_f,2015-09-09,2015-09-09,2015-09-25,manual_check,WF,manual
0610_f,2015-09-16,2015-09-16,2015-09-16,manual_check,PB,manual
0621_f,2015-09-21,2015-09-21,2015-09-24,manual_check,PB,manual
0656_f,2015-09-24,2015-09-24,2015-09-24,manual_check,PB,manual
0636_f,2015-10-16,2015-10-26,2015-10-16,manual_check,PB,manual
0928_f,2016-01-18,2016-01-06,2016-01-13,manual_check,WF,manual
0935_f,2016-04-01,2016-04-01,2016-04-01,manual_check,PB,manual
2377_f,2016-10-03,2016-10-03,2016-10-18,manual_check,PB,manual
2145_f,2016-09-21,2016-10-05,2016-10-21,manual_check,PB,manual
2168_f,2016-09-02,2016-10-11,2016-10-13,manual_check,PB,manual
2169_f,2016-09-02,2016-10-11,2016-10-12,manual_check,PB,manual
2158_f,2016-10-31,2016-10-12,2016-10-17,manual_check,PB,manual
2161_f,2016-11-02,2016-10-12,2016-10-27,manual_check,PB,manual
2390_f,2016-10-13,2016-10-13,2016-10-28,manual_check,PB,manual
2150_f,2016-10-13,2016-10-13,2016-10-16,manual_check,PB,manual
2381_f,2016-10-21,2016-10-21,2016-10-23,manual_check,PB,manual
2146_f,2016-10-21,2016-10-21,2016-10-22,manual_check,PB,manual
2391_f,2016-10-22,2016-10-22,2016-11-01,manual_check,PB,manual
2544_f,2016-09-16,2016-10-28,2016-11-03,manual_check,PB,manual
2545_f,2016-09-16,2016-11-01,2016-11-03,manual_check,PB,manual
2444_f,2017-01-26,2017-01-26,2017-01-26,manual_check,WF,manual
2426_f,2017-03-28,2017-03-28,2017-05-03,manual_check,PB,manual
2436_f,2017-05-03,2017-05-03,2017-05-04,manual_check,PB,manual
2446_f,2017-06-06,2017-06-01,2017-06-07,manual_check,PB,manual
6390_f,2017-10-31,2017-09-16,2017-09-19,manual_check,PB,manual
2557_f,2017-08-28,2017-10-14,2017-10-14,manual_check,PB,manual
6395_f,2017-10-20,2017-10-20,2017-11-06,manual_check,PB,manual
6391_f,2017-10-31,2017-10-31,2017-10-31,manual_check,PB,manual
2823_f,2018-01-14,2018-01-14,2018-01-14,manual_check,WF,manual
2772_f,2018-04-11,2018-04-20,2018-04-21,manual_check,PB,manual
2767_f,2018-04-29,2018-04-27,2018-05-22,manual_check,PB,manual
2768_f,2018-04-30,2018-04-27,2018-05-18,manual_check,PB,manual
3822_f,2018-09-27,2018-09-26,2018-10-16,manual_check,PB,manual
3990_f,2018-10-02,2018-10-02,2018-10-11,manual_check,PB,manual
6397_f,2018-10-28,2018-10-27,2018-10-28,manual_check,PB,manual
3982_f,2018-10-01,2018-10-30,2018-10-30,manual_check,PB,manual
5205_f,2018-10-29,2018-11-06,2018-11-07,manual_check,PB,manual
3772_f,2018-12-16,2018-12-16,2018-12-16,manual_check,WF,manual
3778_f,2019-01-10,2019-01-10,2019-01-10,manual_check,WF,manual
3791_f,2019-03-04,2019-03-04,2019-03-12,manual_check,WF,manual
6396_f,2018-10-28,2019-04-22,2019-04-24,manual_check,PB,manual
5217_f,2018-10-30,2019-05-01,2019-05-12,manual_check,PB,manual
3803_f,2019-05-10,2019-05-10,2019-05-28,manual_check,PB,manual
4772_f,2019-09-29,2019-09-12,2019-09-12,manual_check,PB,manual
4803_f,2019-09-27,2019-09-27,2019-09-27,manual_check,PB,manual
4757_f,2019-08-22,2019-11-04,2019-11-04,manual_check,PB,manual
4769_f,2019-09-29,2019-11-06,2019-11-06,manual_check,PB,manual
4589_f,2019-11-28,2019-11-28,2019-11-28,manual_check,PB,manual
3744_f,2020-04-29,2020-04-29,2020-04-29,manual_check,PB,manual
3742_f,2020-06-10,2020-06-10,2020-06-10,manual_check,PB,manual
6154_f,2020-08-26,2020-08-26,2020-08-26,manual_check,PB,manual
6157_f,2020-10-06,2020-10-06,2020-10-11,manual_check,PB,manual
6400_f,2020-10-17,2020-10-17,2020-10-19,manual_check,PB,manual
6405_f,2020-10-12,2021-04-27,2021-04-27,manual_check,PB,manual
4125_f,2005-04-18,2004-10-15,2004-11-04,manual_check,PB,manual
0614_f,2015-09-16,2015-10-09,2015-10-09,manual_check,PB,manual
0089_f,2013-11-08,2013-10-26,2013-11-08,manual_check,PB,manual
0325_f,2014-10-13,2014-09-19,2014-10-13,manual_check,PB,manual
0379_f,2014-10-15,2014-10-03,2014-10-15,manual_check,PB,manual
0605_f,2015-09-16,2015-09-16,2015-10-09,manual_check,PB,manual
0616_f,2015-09-16,2015-10-09,2015-10-09,manual_check,PB,manual
0628_f,2015-09-18,2015-09-09,2015-09-18,manual_check,PB,manual
0637_f,2015-10-16,2015-10-24,2015-11-10,manual_check,PB,manual
0653_f,2015-11-06,2015-10-10,2015-10-13,manual_check,PB,manual
0957_f,2015-07-01,2015-10-06,2015-10-06,manual_check,PB,manual
0969_f,2015-09-16,2015-10-10,2015-10-10,manual_check,PB,manual
2144_f,2016-08-26,2016-10-27,2016-11-03,manual_check,PB,manual
2148a_f,2016-10-12,2016-10-12,2016-10-12,manual_check,PB,manual
2148b_f,2016-10-12,2016-10-12,2016-10-12,manual_check,PB,manual
2157_f,2016-10-30,2016-10-30,2016-10-30,manual_check,PB,manual
2769_f,2018-05-11,2018-05-11,2018-05-12,manual_check,PB,manual
2950_f,2018-04-01,2018-05-22,2018-05-22,manual_check,PB,manual
2953_f,2018-04-01,2018-05-02,2018-05-02,manual_check,PB,manual
2959_f,2018-04-01,2018-05-22,2018-05-22,manual_check,PB,manual
3740_f,2020-06-10,2020-04-27,2020-05-20,manual_check,PB,manual
3823_f,2018-11-03,2019-04-24,2019-04-24,manual_check,PB,manual
4000_f,2018-10-16,2018-10-16,2018-10-25,manual_check,PB,manual
4379_f,2005-11-13,2006-06-11,2006-06-14,manual_check,PB,manual
4400_f,2005-10-19,2005-10-19,2005-10-20,manual_check,PB,manual
4771_f,2019-09-29,2019-09-27,2019-09-29,manual_check,PB,manual
5234_f,2008-11-30,2008-12-27,2009-01-11,manual_check,PB,manual
5251_f,2008-11-02,2008-08-09,2008-08-23,manual_check,PB,manual
5252_f,2008-10-16,2008-11-02,2008-11-08,manual_check,PB,manual
5587_f,2009-08-04,2009-08-04,2009-08-04,manual_check,PB,manual
5623_f,2010-08-23,2010-08-02,2010-08-02,manual_check,PB,manual
5972_f,2011-10-22,2011-10-22,2011-10-22,manual_check,PB,manual
5996_f,2011-11-01,2011-05-12,2011-05-12,manual_check,PB,manual
6384_f,2014-10-30,2015-04-16,2015-04-24,manual_check,PB,manual
6394_f,2017-10-20,2018-05-09,2018-05-12,manual_check,PB,manual
2152c_f,2016-10-22,2016-10-22,2016-10-22,manual_check,PB,manual
2152d_f,2016-10-22,2016-10-22,2016-10-22,manual_check,PB,manual
4131a_f,2005-05-30,2005-05-30,2005-05-16,manual_check,PB,manual
4131b_f,2005-05-30,2005-05-30,2005-05-16,manual_check,PB,manual
4141a_f,2005-04-07,2004-11-15,2004-11-15,manual_check,PB,manual
4141b_f,2005-04-07,2004-11-15,2004-11-15,manual_check,PB,manual
4399a_f,2005-11-16,2005-11-16,2005-11-16,manual_check,PB,manual
4399b_f,2005-11-16,2005-11-16,2005-11-16,manual_check,PB,manual
4399c_f,2005-11-16,2005-11-16,2005-11-16,manual_check,PB,manual
4760b_f,2019-08-28,2019-10-27,2019-10-27,manual_check,PB,manual
5982_f,2011-11-12,2011-09-08,2011-09-14,manual_check,PB,manual
4399d_f,2005-11-16,2005-06-01,2005-06-07,manual_check,PB,manual
2561a_f,2017-09-05,2017-11-01,2017-11-01,manual_check,PB,manual
2556a_f,2017-08-28,2017-08-28,2017-08-28,no_modis,PB,no_adj
4124a_f,2005-04-18,2004-09-15,2004-09-15,manual_check,PB,modis_1k
4126a_f,2005-04-18,2004-09-17,2004-09-25,manual_check,PB,modis_1k
4756a_f,2019-08-22,2019-08-22,2019-08-22,no_modis,PB,no_adj
4805a_f,2019-10-16,2020-05-01,2020-05-01,manual_check,PB,modis_1k
4124b_f,2005-04-18,2005-04-17,2005-04-19,manual_check,PB,modis_1k
2556b_f,2017-08-28,2017-08-28,2017-08-28,no_modis,PB,no_adj
2556c_f,2017-08-28,2017-08-28,2017-08-28,no_modis,PB,no_adj
4805b_f,2019-10-16,2019-10-16,2019-10-16,manual_check,PB,modis_1k
4756b_f,2019-08-22,2019-10-17,2019-10-21,manual_check,PB,modis_1k
4756c_f,2019-08-22,2019-08-22,2019-08-22,no_modis,PB,no_adj
5337_f,2009-06-15,2009-06-15,2009-06-15,no_modis,PB,no_adj
4126b_f,2005-04-18,2004-04-18,2004-04-18,manual_check,PB,manual
4255_f,2006-05-25,2005-04-18,2005-04-18,no_modis,PB,no_adj
4257_f,2006-06-09,2006-06-09,2006-06-09,no_modis,PB,no_adj
4253_f,2006-05-04,2005-05-04,2005-05-04,no_modis,PB,no_adj
4261_f,2006-06-18,2006-06-18,2006-06-18,no_modis,PB,no_adj
4973_f,2007-10-22,2007-10-22,2007-10-22,no_modis,PB,no_adj
4452_f,2007-05-23,2007-05-23,2007-05-23,no_modis,PB,no_adj
4454_f,2005-05-17,2005-05-09,2005-05-17,1k,PB,modis_1k
4461_f,2007-04-21,2007-04-21,2007-04-21,no_modis,PB,no_adj
5991_f,2011-11-12,2011-11-12,2011-11-12,no_modis,PB,no_adj
5987_f,2011-11-15,2011-10-07,2011-10-14,manual_check,PB,manual
5957_f,2012-05-30,2012-05-30,2012-05-30,1k,PB,modis_1k
5391_f,2013-05-17,2013-05-17,2013-05-17,1k,PB,modis_1k
0362_f,2014-07-01,2014-07-01,2014-07-01,no_modis,PB,no_adj
0437_f,2015-06-11,2015-06-11,2015-06-11,no_modis,PB,no_adj
5577_f,2009-08-04,2009-08-04,2009-08-04,no_modis,PB,no_adj
0367_f,2014-10-17,2014-10-17,2014-10-22,manual_check,PB,manual
6383_f,2014-09-25,2014-09-25,2014-09-25,no_modis,PB,no_adj
0260_f,2015-04-21,2015-04-21,2015-04-21,1k,PB,modis_1k
0249_f,2015-06-10,2015-06-10,2015-06-10,no_modis,PB,no_adj
2152e_f,2016-10-22,2016-05-12,2016-05-12,manual_check,PB,manual
2152b_f,2016-10-22,2016-05-12,2016-05-12,manual_check,PB,manual
2152a_f,2016-10-22,2016-10-22,2016-10-22,no_modis,PB,no_adj
2139_f,2016-07-07,2016-07-07,2016-07-07,no_modis,PB,no_adj
2138_f,2016-07-07,2016-07-07,2016-07-07,no_modis,PB,no_adj
0962_f,2016-04-06,2016-04-06,2016-04-07,manual_check,PB,manual
3999_f,2018-10-16,2018-10-16,2018-10-16,no_modis,PB,no_adj
3814_f,2018-07-10,2018-07-10,2018-07-10,no_modis,PB,no_adj
3813_f,2018-07-10,2018-11-01,2018-11-01,manual_check,PB,manual
5213_f,2018-10-26,2018-05-02,2018-05-03,manual_check,PB,manual
4755_f,2019-09-09,2019-09-09,2019-09-09,1k,PB,modis_1k
4760a_f,2019-08-28,2019-08-28,2019-08-28,no_modis,PB,no_adj
